"No.","Time","Source","Destination","Protocol","Length","Info"
"19","0.000000","192.168.0.211","192.168.0.212","Modbus/TCP","66","   Query: Trans: 11154; Unit: 255, Func:   3: Read Holding Registers"
"20","0.012888","192.168.0.212","192.168.0.211","Modbus/TCP","65","Response: Trans: 11154; Unit: 255, Func:   3: Read Holding Registers"
"26","0.279704","192.168.0.211","192.168.0.212","Modbus/TCP","66","   Query: Trans: 11155; Unit: 255, Func:   3: Read Holding Registers"
"27","0.005222","192.168.0.212","192.168.0.211","Modbus/TCP","65","Response: Trans: 11155; Unit: 255, Func:   3: Read Holding Registers"
"35","0.294627","192.168.0.211","192.168.0.212","Modbus/TCP","66","   Query: Trans: 11156; Unit: 255, Func:   3: Read Holding Registers"
"36","0.005478","192.168.0.212","192.168.0.211","Modbus/TCP","65","Response: Trans: 11156; Unit: 255, Func:   3: Read Holding Registers"
"45","0.294994","192.168.0.211","192.168.0.212","Modbus/TCP","66","   Query: Trans: 11157; Unit: 255, Func:   3: Read Holding Registers"
"46","0.011253","192.168.0.212","192.168.0.211","Modbus/TCP","65","Response: Trans: 11157; Unit: 255, Func:   3: Read Holding Registers"
"76","1.089281","192.168.0.211","192.168.0.212","Modbus/TCP","66","   Query: Trans: 11158; Unit: 255, Func:   3: Read Holding Registers"
"77","0.005476","192.168.0.212","192.168.0.211","Modbus/TCP","65","Response: Trans: 11158; Unit: 255, Func:   3: Read Holding Registers"
"85","0.294481","192.168.0.211","192.168.0.212","Modbus/TCP","66","   Query: Trans: 11159; Unit: 255, Func:   3: Read Holding Registers"
"86","0.005508","192.168.0.212","192.168.0.211","Modbus/TCP","65","Response: Trans: 11159; Unit: 255, Func:   3: Read Holding Registers"
"97","0.294690","192.168.0.211","192.168.0.212","Modbus/TCP","66","   Query: Trans: 11160; Unit: 255, Func:   3: Read Holding Registers"
"98","0.006540","192.168.0.212","192.168.0.211","Modbus/TCP","65","Response: Trans: 11160; Unit: 255, Func:   3: Read Holding Registers"
"109","0.293373","192.168.0.211","192.168.0.212","Modbus/TCP","66","   Query: Trans: 11161; Unit: 255, Func:   3: Read Holding Registers"
"114","0.039529","192.168.0.212","192.168.0.211","Modbus/TCP","65","Response: Trans: 11161; Unit: 255, Func:   3: Read Holding Registers"
"127","1.061197","192.168.0.211","192.168.0.212","Modbus/TCP","66","   Query: Trans: 11162; Unit: 255, Func:   3: Read Holding Registers"
"128","0.006866","192.168.0.212","192.168.0.211","Modbus/TCP","65","Response: Trans: 11162; Unit: 255, Func:   3: Read Holding Registers"
"143","0.293058","192.168.0.211","192.168.0.212","Modbus/TCP","66","   Query: Trans: 11163; Unit: 255, Func:   3: Read Holding Registers"
"145","0.027054","192.168.0.212","192.168.0.211","Modbus/TCP","65","Response: Trans: 11163; Unit: 255, Func:   3: Read Holding Registers"
"192","0.273162","192.168.0.211","192.168.0.212","Modbus/TCP","66","   Query: Trans: 11164; Unit: 255, Func:   3: Read Holding Registers"
"195","0.022680","192.168.0.212","192.168.0.211","Modbus/TCP","65","Response: Trans: 11164; Unit: 255, Func:   3: Read Holding Registers"
"264","0.283632","192.168.0.211","192.168.0.212","Modbus/TCP","66","   Query: Trans: 11165; Unit: 255, Func:   3: Read Holding Registers"
"271","0.039678","192.168.0.212","192.168.0.211","Modbus/TCP","65","Response: Trans: 11165; Unit: 255, Func:   3: Read Holding Registers"
"503","1.055172","192.168.0.211","192.168.0.212","Modbus/TCP","66","   Query: Trans: 11166; Unit: 255, Func:   3: Read Holding Registers"
"506","0.010943","192.168.0.212","192.168.0.211","Modbus/TCP","65","Response: Trans: 11166; Unit: 255, Func:   3: Read Holding Registers"
"573","0.288899","192.168.0.211","192.168.0.212","Modbus/TCP","66","   Query: Trans: 11167; Unit: 255, Func:   3: Read Holding Registers"
"578","0.016947","192.168.0.212","192.168.0.211","Modbus/TCP","65","Response: Trans: 11167; Unit: 255, Func:   3: Read Holding Registers"
"633","0.283162","192.168.0.211","192.168.0.212","Modbus/TCP","66","   Query: Trans: 11168; Unit: 255, Func:   3: Read Holding Registers"
"643","0.016121","192.168.0.212","192.168.0.211","Modbus/TCP","65","Response: Trans: 11168; Unit: 255, Func:   3: Read Holding Registers"
"707","0.283920","192.168.0.211","192.168.0.212","Modbus/TCP","66","   Query: Trans: 11169; Unit: 255, Func:   3: Read Holding Registers"
"714","0.040754","192.168.0.212","192.168.0.211","Modbus/TCP","65","Response: Trans: 11169; Unit: 255, Func:   3: Read Holding Registers"
"940","1.059629","192.168.0.211","192.168.0.212","Modbus/TCP","66","   Query: Trans: 11170; Unit: 255, Func:   3: Read Holding Registers"
"945","0.011371","192.168.0.212","192.168.0.211","Modbus/TCP","65","Response: Trans: 11170; Unit: 255, Func:   3: Read Holding Registers"
"1000","0.288917","192.168.0.211","192.168.0.212","Modbus/TCP","66","   Query: Trans: 11171; Unit: 255, Func:   3: Read Holding Registers"
"1005","0.020599","192.168.0.212","192.168.0.211","Modbus/TCP","65","Response: Trans: 11171; Unit: 255, Func:   3: Read Holding Registers"
"1064","0.279482","192.168.0.211","192.168.0.212","Modbus/TCP","66","   Query: Trans: 11172; Unit: 255, Func:   3: Read Holding Registers"
"1069","0.016416","192.168.0.212","192.168.0.211","Modbus/TCP","65","Response: Trans: 11172; Unit: 255, Func:   3: Read Holding Registers"
"1132","0.283516","192.168.0.211","192.168.0.212","Modbus/TCP","66","   Query: Trans: 11173; Unit: 255, Func:   3: Read Holding Registers"
"1135","0.016472","192.168.0.212","192.168.0.211","Modbus/TCP","65","Response: Trans: 11173; Unit: 255, Func:   3: Read Holding Registers"
"1349","1.084350","192.168.0.211","192.168.0.212","Modbus/TCP","66","   Query: Trans: 11174; Unit: 255, Func:   3: Read Holding Registers"
"1353","0.017439","192.168.0.212","192.168.0.211","Modbus/TCP","65","Response: Trans: 11174; Unit: 255, Func:   3: Read Holding Registers"
"1420","0.282358","192.168.0.211","192.168.0.212","Modbus/TCP","66","   Query: Trans: 11175; Unit: 255, Func:   3: Read Holding Registers"
"1423","0.031689","192.168.0.212","192.168.0.211","Modbus/TCP","65","Response: Trans: 11175; Unit: 255, Func:   3: Read Holding Registers"
"1486","0.268489","192.168.0.211","192.168.0.212","Modbus/TCP","66","   Query: Trans: 11176; Unit: 255, Func:   3: Read Holding Registers"
"1491","0.022510","192.168.0.212","192.168.0.211","Modbus/TCP","65","Response: Trans: 11176; Unit: 255, Func:   3: Read Holding Registers"
"1550","0.277570","192.168.0.211","192.168.0.212","Modbus/TCP","66","   Query: Trans: 11177; Unit: 255, Func:   3: Read Holding Registers"
"1555","0.026759","192.168.0.212","192.168.0.211","Modbus/TCP","65","Response: Trans: 11177; Unit: 255, Func:   3: Read Holding Registers"
"1767","1.074290","192.168.0.211","192.168.0.212","Modbus/TCP","66","   Query: Trans: 11178; Unit: 255, Func:   3: Read Holding Registers"
"1770","0.017447","192.168.0.212","192.168.0.211","Modbus/TCP","65","Response: Trans: 11178; Unit: 255, Func:   3: Read Holding Registers"
"1833","0.282102","192.168.0.211","192.168.0.212","Modbus/TCP","66","   Query: Trans: 11179; Unit: 255, Func:   3: Read Holding Registers"
"1836","0.016955","192.168.0.212","192.168.0.211","Modbus/TCP","65","Response: Trans: 11179; Unit: 255, Func:   3: Read Holding Registers"
"1902","0.283203","192.168.0.211","192.168.0.212","Modbus/TCP","66","   Query: Trans: 11180; Unit: 255, Func:   3: Read Holding Registers"
"1905","0.028094","192.168.0.212","192.168.0.211","Modbus/TCP","65","Response: Trans: 11180; Unit: 255, Func:   3: Read Holding Registers"
"1962","0.272049","192.168.0.211","192.168.0.212","Modbus/TCP","66","   Query: Trans: 11181; Unit: 255, Func:   3: Read Holding Registers"
"1967","0.018571","192.168.0.212","192.168.0.211","Modbus/TCP","65","Response: Trans: 11181; Unit: 255, Func:   3: Read Holding Registers"
"2196","1.082471","192.168.0.211","192.168.0.212","Modbus/TCP","66","   Query: Trans: 11182; Unit: 255, Func:   3: Read Holding Registers"
"2201","0.015802","192.168.0.212","192.168.0.211","Modbus/TCP","65","Response: Trans: 11182; Unit: 255, Func:   3: Read Holding Registers"
"2261","0.283933","192.168.0.211","192.168.0.212","Modbus/TCP","66","   Query: Trans: 11183; Unit: 255, Func:   3: Read Holding Registers"
"2267","0.016958","192.168.0.212","192.168.0.211","Modbus/TCP","65","Response: Trans: 11183; Unit: 255, Func:   3: Read Holding Registers"
"2330","0.283183","192.168.0.211","192.168.0.212","Modbus/TCP","66","   Query: Trans: 11184; Unit: 255, Func:   3: Read Holding Registers"
"2337","0.028280","192.168.0.212","192.168.0.211","Modbus/TCP","65","Response: Trans: 11184; Unit: 255, Func:   3: Read Holding Registers"
"2404","0.272134","192.168.0.211","192.168.0.212","Modbus/TCP","66","   Query: Trans: 11185; Unit: 255, Func:   3: Read Holding Registers"
"2411","0.039796","192.168.0.212","192.168.0.211","Modbus/TCP","65","Response: Trans: 11185; Unit: 255, Func:   3: Read Holding Registers"
"2648","1.060572","192.168.0.211","192.168.0.212","Modbus/TCP","66","   Query: Trans: 11186; Unit: 255, Func:   3: Read Holding Registers"
"2655","0.046468","192.168.0.212","192.168.0.211","Modbus/TCP","65","Response: Trans: 11186; Unit: 255, Func:   3: Read Holding Registers"
"2711","0.253601","192.168.0.211","192.168.0.212","Modbus/TCP","66","   Query: Trans: 11187; Unit: 255, Func:   3: Read Holding Registers"
"2718","0.032103","192.168.0.212","192.168.0.211","Modbus/TCP","65","Response: Trans: 11187; Unit: 255, Func:   3: Read Holding Registers"
"2776","0.267893","192.168.0.211","192.168.0.212","Modbus/TCP","66","   Query: Trans: 11188; Unit: 255, Func:   3: Read Holding Registers"
"2782","0.020148","192.168.0.212","192.168.0.211","Modbus/TCP","65","Response: Trans: 11188; Unit: 255, Func:   3: Read Holding Registers"
"2834","0.280202","192.168.0.211","192.168.0.212","Modbus/TCP","66","   Query: Trans: 11189; Unit: 255, Func:   3: Read Holding Registers"
"2836","0.010816","192.168.0.212","192.168.0.211","Modbus/TCP","65","Response: Trans: 11189; Unit: 255, Func:   3: Read Holding Registers"
"3064","1.089656","192.168.0.211","192.168.0.212","Modbus/TCP","66","   Query: Trans: 11190; Unit: 255, Func:   3: Read Holding Registers"
"3069","0.020738","192.168.0.212","192.168.0.211","Modbus/TCP","65","Response: Trans: 11190; Unit: 255, Func:   3: Read Holding Registers"
"3126","0.279561","192.168.0.211","192.168.0.212","Modbus/TCP","66","   Query: Trans: 11191; Unit: 255, Func:   3: Read Holding Registers"
"3127","0.004407","192.168.0.212","192.168.0.211","Modbus/TCP","65","Response: Trans: 11191; Unit: 255, Func:   3: Read Holding Registers"
"3187","0.295343","192.168.0.211","192.168.0.212","Modbus/TCP","66","   Query: Trans: 11192; Unit: 255, Func:   3: Read Holding Registers"
"3194","0.040287","192.168.0.212","192.168.0.211","Modbus/TCP","65","Response: Trans: 11192; Unit: 255, Func:   3: Read Holding Registers"
"3253","0.266103","192.168.0.211","192.168.0.212","Modbus/TCP","66","   Query: Trans: 11193; Unit: 255, Func:   3: Read Holding Registers"
"3255","0.012393","192.168.0.212","192.168.0.211","Modbus/TCP","65","Response: Trans: 11193; Unit: 255, Func:   3: Read Holding Registers"
"3485","1.082027","192.168.0.211","192.168.0.212","Modbus/TCP","66","   Query: Trans: 11194; Unit: 255, Func:   3: Read Holding Registers"
"3492","0.020814","192.168.0.212","192.168.0.211","Modbus/TCP","65","Response: Trans: 11194; Unit: 255, Func:   3: Read Holding Registers"
"3552","0.279392","192.168.0.211","192.168.0.212","Modbus/TCP","66","   Query: Trans: 11195; Unit: 255, Func:   3: Read Holding Registers"
"3557","0.017805","192.168.0.212","192.168.0.211","Modbus/TCP","65","Response: Trans: 11195; Unit: 255, Func:   3: Read Holding Registers"
"3616","0.282434","192.168.0.211","192.168.0.212","Modbus/TCP","66","   Query: Trans: 11196; Unit: 255, Func:   3: Read Holding Registers"
"3621","0.025265","192.168.0.212","192.168.0.211","Modbus/TCP","65","Response: Trans: 11196; Unit: 255, Func:   3: Read Holding Registers"
"3681","0.274573","192.168.0.211","192.168.0.212","Modbus/TCP","66","   Query: Trans: 11197; Unit: 255, Func:   3: Read Holding Registers"
"3683","0.011572","192.168.0.212","192.168.0.211","Modbus/TCP","65","Response: Trans: 11197; Unit: 255, Func:   3: Read Holding Registers"
"3925","1.097460","192.168.0.211","192.168.0.212","Modbus/TCP","66","   Query: Trans: 11198; Unit: 255, Func:   3: Read Holding Registers"
"3926","0.005491","192.168.0.212","192.168.0.211","Modbus/TCP","65","Response: Trans: 11198; Unit: 255, Func:   3: Read Holding Registers"
"3985","0.286259","192.168.0.211","192.168.0.212","Modbus/TCP","66","   Query: Trans: 11199; Unit: 255, Func:   3: Read Holding Registers"
"3990","0.013060","192.168.0.212","192.168.0.211","Modbus/TCP","65","Response: Trans: 11199; Unit: 255, Func:   3: Read Holding Registers"
"4036","0.287199","192.168.0.211","192.168.0.212","Modbus/TCP","66","   Query: Trans: 11200; Unit: 255, Func:   3: Read Holding Registers"
"4039","0.007882","192.168.0.212","192.168.0.211","Modbus/TCP","65","Response: Trans: 11200; Unit: 255, Func:   3: Read Holding Registers"
"4097","0.291973","192.168.0.211","192.168.0.212","Modbus/TCP","66","   Query: Trans: 11201; Unit: 255, Func:   3: Read Holding Registers"
"4106","0.032684","192.168.0.212","192.168.0.211","Modbus/TCP","65","Response: Trans: 11201; Unit: 255, Func:   3: Read Holding Registers"
"4347","1.067833","192.168.0.211","192.168.0.212","Modbus/TCP","66","   Query: Trans: 11202; Unit: 255, Func:   3: Read Holding Registers"
"4355","0.024495","192.168.0.212","192.168.0.211","Modbus/TCP","65","Response: Trans: 11202; Unit: 255, Func:   3: Read Holding Registers"
"4418","0.275852","192.168.0.211","192.168.0.212","Modbus/TCP","66","   Query: Trans: 11203; Unit: 255, Func:   3: Read Holding Registers"
"4420","0.011922","192.168.0.212","192.168.0.211","Modbus/TCP","65","Response: Trans: 11203; Unit: 255, Func:   3: Read Holding Registers"
"4480","0.287798","192.168.0.211","192.168.0.212","Modbus/TCP","66","   Query: Trans: 11204; Unit: 255, Func:   3: Read Holding Registers"
"4488","0.016136","192.168.0.212","192.168.0.211","Modbus/TCP","65","Response: Trans: 11204; Unit: 255, Func:   3: Read Holding Registers"
"4552","0.284433","192.168.0.211","192.168.0.212","Modbus/TCP","66","   Query: Trans: 11205; Unit: 255, Func:   3: Read Holding Registers"
"4555","0.019570","192.168.0.212","192.168.0.211","Modbus/TCP","65","Response: Trans: 11205; Unit: 255, Func:   3: Read Holding Registers"
"4787","1.081174","192.168.0.211","192.168.0.212","Modbus/TCP","66","   Query: Trans: 11206; Unit: 255, Func:   3: Read Holding Registers"
"4788","0.012206","192.168.0.212","192.168.0.211","Modbus/TCP","65","Response: Trans: 11206; Unit: 255, Func:   3: Read Holding Registers"
"4849","0.287608","192.168.0.211","192.168.0.212","Modbus/TCP","66","   Query: Trans: 11207; Unit: 255, Func:   3: Read Holding Registers"
"4852","0.031228","192.168.0.212","192.168.0.211","Modbus/TCP","65","Response: Trans: 11207; Unit: 255, Func:   3: Read Holding Registers"
"4915","0.268995","192.168.0.211","192.168.0.212","Modbus/TCP","66","   Query: Trans: 11208; Unit: 255, Func:   3: Read Holding Registers"
"4918","0.014048","192.168.0.212","192.168.0.211","Modbus/TCP","65","Response: Trans: 11208; Unit: 255, Func:   3: Read Holding Registers"
"4979","0.285645","192.168.0.211","192.168.0.212","Modbus/TCP","66","   Query: Trans: 11209; Unit: 255, Func:   3: Read Holding Registers"
"4984","0.022376","192.168.0.212","192.168.0.211","Modbus/TCP","65","Response: Trans: 11209; Unit: 255, Func:   3: Read Holding Registers"
"5206","1.078357","192.168.0.211","192.168.0.212","Modbus/TCP","66","   Query: Trans: 11210; Unit: 255, Func:   3: Read Holding Registers"
"5208","0.009727","192.168.0.212","192.168.0.211","Modbus/TCP","65","Response: Trans: 11210; Unit: 255, Func:   3: Read Holding Registers"
"5259","0.290335","192.168.0.211","192.168.0.212","Modbus/TCP","66","   Query: Trans: 11211; Unit: 255, Func:   3: Read Holding Registers"
"5261","0.010607","192.168.0.212","192.168.0.211","Modbus/TCP","65","Response: Trans: 11211; Unit: 255, Func:   3: Read Holding Registers"
"5329","0.289830","192.168.0.211","192.168.0.212","Modbus/TCP","66","   Query: Trans: 11212; Unit: 255, Func:   3: Read Holding Registers"
"5337","0.040535","192.168.0.212","192.168.0.211","Modbus/TCP","65","Response: Trans: 11212; Unit: 255, Func:   3: Read Holding Registers"
"5397","0.259514","192.168.0.211","192.168.0.212","Modbus/TCP","66","   Query: Trans: 11213; Unit: 255, Func:   3: Read Holding Registers"
"5402","0.028262","192.168.0.212","192.168.0.211","Modbus/TCP","65","Response: Trans: 11213; Unit: 255, Func:   3: Read Holding Registers"
"5617","1.072316","192.168.0.211","192.168.0.212","Modbus/TCP","66","   Query: Trans: 11214; Unit: 255, Func:   3: Read Holding Registers"
"5620","0.016612","192.168.0.212","192.168.0.211","Modbus/TCP","65","Response: Trans: 11214; Unit: 255, Func:   3: Read Holding Registers"
"5684","0.283079","192.168.0.211","192.168.0.212","Modbus/TCP","66","   Query: Trans: 11215; Unit: 255, Func:   3: Read Holding Registers"
"5687","0.020955","192.168.0.212","192.168.0.211","Modbus/TCP","65","Response: Trans: 11215; Unit: 255, Func:   3: Read Holding Registers"
"5749","0.279344","192.168.0.211","192.168.0.212","Modbus/TCP","66","   Query: Trans: 11216; Unit: 255, Func:   3: Read Holding Registers"
"5754","0.023108","192.168.0.212","192.168.0.211","Modbus/TCP","65","Response: Trans: 11216; Unit: 255, Func:   3: Read Holding Registers"
"5810","0.276875","192.168.0.211","192.168.0.212","Modbus/TCP","66","   Query: Trans: 11217; Unit: 255, Func:   3: Read Holding Registers"
"5814","0.013011","192.168.0.212","192.168.0.211","Modbus/TCP","65","Response: Trans: 11217; Unit: 255, Func:   3: Read Holding Registers"
"6041","1.088094","192.168.0.211","192.168.0.212","Modbus/TCP","66","   Query: Trans: 11218; Unit: 255, Func:   3: Read Holding Registers"
"6045","0.019646","192.168.0.212","192.168.0.211","Modbus/TCP","65","Response: Trans: 11218; Unit: 255, Func:   3: Read Holding Registers"
"6113","0.279975","192.168.0.211","192.168.0.212","Modbus/TCP","66","   Query: Trans: 11219; Unit: 255, Func:   3: Read Holding Registers"
"6116","0.036983","192.168.0.212","192.168.0.211","Modbus/TCP","65","Response: Trans: 11219; Unit: 255, Func:   3: Read Holding Registers"
"6177","0.263199","192.168.0.211","192.168.0.212","Modbus/TCP","66","   Query: Trans: 11220; Unit: 255, Func:   3: Read Holding Registers"
"6188","0.034944","192.168.0.212","192.168.0.211","Modbus/TCP","65","Response: Trans: 11220; Unit: 255, Func:   3: Read Holding Registers"
"6252","0.265178","192.168.0.211","192.168.0.212","Modbus/TCP","66","   Query: Trans: 11221; Unit: 255, Func:   3: Read Holding Registers"
"6259","0.021073","192.168.0.212","192.168.0.211","Modbus/TCP","65","Response: Trans: 11221; Unit: 255, Func:   3: Read Holding Registers"
"6487","1.079925","192.168.0.211","192.168.0.212","Modbus/TCP","66","   Query: Trans: 11222; Unit: 255, Func:   3: Read Holding Registers"
"6490","0.008803","192.168.0.212","192.168.0.211","Modbus/TCP","65","Response: Trans: 11222; Unit: 255, Func:   3: Read Holding Registers"
"6549","0.290806","192.168.0.211","192.168.0.212","Modbus/TCP","66","   Query: Trans: 11223; Unit: 255, Func:   3: Read Holding Registers"
"6553","0.018239","192.168.0.212","192.168.0.211","Modbus/TCP","65","Response: Trans: 11223; Unit: 255, Func:   3: Read Holding Registers"
"6618","0.282229","192.168.0.211","192.168.0.212","Modbus/TCP","66","   Query: Trans: 11224; Unit: 255, Func:   3: Read Holding Registers"
"6624","0.034119","192.168.0.212","192.168.0.211","Modbus/TCP","65","Response: Trans: 11224; Unit: 255, Func:   3: Read Holding Registers"
"6688","0.266024","192.168.0.211","192.168.0.212","Modbus/TCP","66","   Query: Trans: 11225; Unit: 255, Func:   3: Read Holding Registers"
"6689","0.010745","192.168.0.212","192.168.0.211","Modbus/TCP","65","Response: Trans: 11225; Unit: 255, Func:   3: Read Holding Registers"
"6909","1.089457","192.168.0.211","192.168.0.212","Modbus/TCP","66","   Query: Trans: 11226; Unit: 255, Func:   3: Read Holding Registers"
"6914","0.021860","192.168.0.212","192.168.0.211","Modbus/TCP","65","Response: Trans: 11226; Unit: 255, Func:   3: Read Holding Registers"
"6971","0.278241","192.168.0.211","192.168.0.212","Modbus/TCP","66","   Query: Trans: 11227; Unit: 255, Func:   3: Read Holding Registers"
"6973","0.012468","192.168.0.212","192.168.0.211","Modbus/TCP","65","Response: Trans: 11227; Unit: 255, Func:   3: Read Holding Registers"
"7034","0.287633","192.168.0.211","192.168.0.212","Modbus/TCP","66","   Query: Trans: 11228; Unit: 255, Func:   3: Read Holding Registers"
"7037","0.013413","192.168.0.212","192.168.0.211","Modbus/TCP","65","Response: Trans: 11228; Unit: 255, Func:   3: Read Holding Registers"
"7097","0.286702","192.168.0.211","192.168.0.212","Modbus/TCP","66","   Query: Trans: 11229; Unit: 255, Func:   3: Read Holding Registers"
"7100","0.019589","192.168.0.212","192.168.0.211","Modbus/TCP","65","Response: Trans: 11229; Unit: 255, Func:   3: Read Holding Registers"
"7326","1.081159","192.168.0.211","192.168.0.212","Modbus/TCP","66","   Query: Trans: 11230; Unit: 255, Func:   3: Read Holding Registers"
"7333","0.035858","192.168.0.212","192.168.0.211","Modbus/TCP","65","Response: Trans: 11230; Unit: 255, Func:   3: Read Holding Registers"
"7396","0.264407","192.168.0.211","192.168.0.212","Modbus/TCP","66","   Query: Trans: 11231; Unit: 255, Func:   3: Read Holding Registers"
"7401","0.020570","192.168.0.212","192.168.0.211","Modbus/TCP","65","Response: Trans: 11231; Unit: 255, Func:   3: Read Holding Registers"
"7462","0.279291","192.168.0.211","192.168.0.212","Modbus/TCP","66","   Query: Trans: 11232; Unit: 255, Func:   3: Read Holding Registers"
"7467","0.021552","192.168.0.212","192.168.0.211","Modbus/TCP","65","Response: Trans: 11232; Unit: 255, Func:   3: Read Holding Registers"
"7520","0.278377","192.168.0.211","192.168.0.212","Modbus/TCP","66","   Query: Trans: 11233; Unit: 255, Func:   3: Read Holding Registers"
"7525","0.017533","192.168.0.212","192.168.0.211","Modbus/TCP","65","Response: Trans: 11233; Unit: 255, Func:   3: Read Holding Registers"
"7759","1.083079","192.168.0.211","192.168.0.212","Modbus/TCP","66","   Query: Trans: 11234; Unit: 255, Func:   3: Read Holding Registers"
"7764","0.022135","192.168.0.212","192.168.0.211","Modbus/TCP","65","Response: Trans: 11234; Unit: 255, Func:   3: Read Holding Registers"
"7828","0.278239","192.168.0.211","192.168.0.212","Modbus/TCP","66","   Query: Trans: 11235; Unit: 255, Func:   3: Read Holding Registers"
"7835","0.039060","192.168.0.212","192.168.0.211","Modbus/TCP","65","Response: Trans: 11235; Unit: 255, Func:   3: Read Holding Registers"
"7886","0.260934","192.168.0.211","192.168.0.212","Modbus/TCP","66","   Query: Trans: 11236; Unit: 255, Func:   3: Read Holding Registers"
"7889","0.008747","192.168.0.212","192.168.0.211","Modbus/TCP","65","Response: Trans: 11236; Unit: 255, Func:   3: Read Holding Registers"
"7943","0.291411","192.168.0.211","192.168.0.212","Modbus/TCP","66","   Query: Trans: 11237; Unit: 255, Func:   3: Read Holding Registers"
"7944","0.012547","192.168.0.212","192.168.0.211","Modbus/TCP","65","Response: Trans: 11237; Unit: 255, Func:   3: Read Holding Registers"
"8198","1.088097","192.168.0.211","192.168.0.212","Modbus/TCP","66","   Query: Trans: 11238; Unit: 255, Func:   3: Read Holding Registers"
"8204","0.013043","192.168.0.212","192.168.0.211","Modbus/TCP","65","Response: Trans: 11238; Unit: 255, Func:   3: Read Holding Registers"
"8264","0.287002","192.168.0.211","192.168.0.212","Modbus/TCP","66","   Query: Trans: 11239; Unit: 255, Func:   3: Read Holding Registers"
"8268","0.014281","192.168.0.212","192.168.0.211","Modbus/TCP","65","Response: Trans: 11239; Unit: 255, Func:   3: Read Holding Registers"
"8329","0.285905","192.168.0.211","192.168.0.212","Modbus/TCP","66","   Query: Trans: 11240; Unit: 255, Func:   3: Read Holding Registers"
"8340","0.040832","192.168.0.212","192.168.0.211","Modbus/TCP","65","Response: Trans: 11240; Unit: 255, Func:   3: Read Holding Registers"
"8398","0.258999","192.168.0.211","192.168.0.212","Modbus/TCP","66","   Query: Trans: 11241; Unit: 255, Func:   3: Read Holding Registers"
"8404","0.021023","192.168.0.212","192.168.0.211","Modbus/TCP","65","Response: Trans: 11241; Unit: 255, Func:   3: Read Holding Registers"
"8634","1.079962","192.168.0.211","192.168.0.212","Modbus/TCP","66","   Query: Trans: 11242; Unit: 255, Func:   3: Read Holding Registers"
"8637","0.013402","192.168.0.212","192.168.0.211","Modbus/TCP","65","Response: Trans: 11242; Unit: 255, Func:   3: Read Holding Registers"
"8692","0.286526","192.168.0.211","192.168.0.212","Modbus/TCP","66","   Query: Trans: 11243; Unit: 255, Func:   3: Read Holding Registers"
"8695","0.014506","192.168.0.212","192.168.0.211","Modbus/TCP","65","Response: Trans: 11243; Unit: 255, Func:   3: Read Holding Registers"
"8754","0.285418","192.168.0.211","192.168.0.212","Modbus/TCP","66","   Query: Trans: 11244; Unit: 255, Func:   3: Read Holding Registers"
"8758","0.020536","192.168.0.212","192.168.0.211","Modbus/TCP","65","Response: Trans: 11244; Unit: 255, Func:   3: Read Holding Registers"
"8823","0.279602","192.168.0.211","192.168.0.212","Modbus/TCP","66","   Query: Trans: 11245; Unit: 255, Func:   3: Read Holding Registers"
"8828","0.032192","192.168.0.212","192.168.0.211","Modbus/TCP","65","Response: Trans: 11245; Unit: 255, Func:   3: Read Holding Registers"
"9058","1.068319","192.168.0.211","192.168.0.212","Modbus/TCP","66","   Query: Trans: 11246; Unit: 255, Func:   3: Read Holding Registers"
"9062","0.016735","192.168.0.212","192.168.0.211","Modbus/TCP","65","Response: Trans: 11246; Unit: 255, Func:   3: Read Holding Registers"
"9113","0.283358","192.168.0.211","192.168.0.212","Modbus/TCP","66","   Query: Trans: 11247; Unit: 255, Func:   3: Read Holding Registers"
"9114","0.006970","192.168.0.212","192.168.0.211","Modbus/TCP","65","Response: Trans: 11247; Unit: 255, Func:   3: Read Holding Registers"
"9175","0.293502","192.168.0.211","192.168.0.212","Modbus/TCP","66","   Query: Trans: 11248; Unit: 255, Func:   3: Read Holding Registers"
"9179","0.017473","192.168.0.212","192.168.0.211","Modbus/TCP","65","Response: Trans: 11248; Unit: 255, Func:   3: Read Holding Registers"
"9236","0.282599","192.168.0.211","192.168.0.212","Modbus/TCP","66","   Query: Trans: 11249; Unit: 255, Func:   3: Read Holding Registers"
"9243","0.030119","192.168.0.212","192.168.0.211","Modbus/TCP","65","Response: Trans: 11249; Unit: 255, Func:   3: Read Holding Registers"
"9464","1.070197","192.168.0.211","192.168.0.212","Modbus/TCP","66","   Query: Trans: 11250; Unit: 255, Func:   3: Read Holding Registers"
"9465","0.008924","192.168.0.212","192.168.0.211","Modbus/TCP","65","Response: Trans: 11250; Unit: 255, Func:   3: Read Holding Registers"
"9533","0.291050","192.168.0.211","192.168.0.212","Modbus/TCP","66","   Query: Trans: 11251; Unit: 255, Func:   3: Read Holding Registers"
"9536","0.031021","192.168.0.212","192.168.0.211","Modbus/TCP","65","Response: Trans: 11251; Unit: 255, Func:   3: Read Holding Registers"
"9600","0.269405","192.168.0.211","192.168.0.212","Modbus/TCP","66","   Query: Trans: 11252; Unit: 255, Func:   3: Read Holding Registers"
"9603","0.021875","192.168.0.212","192.168.0.211","Modbus/TCP","65","Response: Trans: 11252; Unit: 255, Func:   3: Read Holding Registers"
"9661","0.278510","192.168.0.211","192.168.0.212","Modbus/TCP","66","   Query: Trans: 11253; Unit: 255, Func:   3: Read Holding Registers"
"9662","0.012479","192.168.0.212","192.168.0.211","Modbus/TCP","65","Response: Trans: 11253; Unit: 255, Func:   3: Read Holding Registers"
"9894","1.087851","192.168.0.211","192.168.0.212","Modbus/TCP","66","   Query: Trans: 11254; Unit: 255, Func:   3: Read Holding Registers"
"9899","0.018047","192.168.0.212","192.168.0.211","Modbus/TCP","65","Response: Trans: 11254; Unit: 255, Func:   3: Read Holding Registers"
"9964","0.281708","192.168.0.211","192.168.0.212","Modbus/TCP","66","   Query: Trans: 11255; Unit: 255, Func:   3: Read Holding Registers"
"9966","0.014475","192.168.0.212","192.168.0.211","Modbus/TCP","65","Response: Trans: 11255; Unit: 255, Func:   3: Read Holding Registers"
"10033","0.285681","192.168.0.211","192.168.0.212","Modbus/TCP","66","   Query: Trans: 11256; Unit: 255, Func:   3: Read Holding Registers"
"10039","0.041346","192.168.0.212","192.168.0.211","Modbus/TCP","65","Response: Trans: 11256; Unit: 255, Func:   3: Read Holding Registers"
"10109","0.258745","192.168.0.211","192.168.0.212","Modbus/TCP","66","   Query: Trans: 11257; Unit: 255, Func:   3: Read Holding Registers"
"10114","0.013993","192.168.0.212","192.168.0.211","Modbus/TCP","65","Response: Trans: 11257; Unit: 255, Func:   3: Read Holding Registers"
"10343","1.086917","192.168.0.211","192.168.0.212","Modbus/TCP","66","   Query: Trans: 11258; Unit: 255, Func:   3: Read Holding Registers"
"10346","0.013140","192.168.0.212","192.168.0.211","Modbus/TCP","65","Response: Trans: 11258; Unit: 255, Func:   3: Read Holding Registers"
"10409","0.286640","192.168.0.211","192.168.0.212","Modbus/TCP","66","   Query: Trans: 11259; Unit: 255, Func:   3: Read Holding Registers"
"10410","0.022670","192.168.0.212","192.168.0.211","Modbus/TCP","65","Response: Trans: 11259; Unit: 255, Func:   3: Read Holding Registers"
"10475","0.277521","192.168.0.211","192.168.0.212","Modbus/TCP","66","   Query: Trans: 11260; Unit: 255, Func:   3: Read Holding Registers"
"10478","0.015360","192.168.0.212","192.168.0.211","Modbus/TCP","65","Response: Trans: 11260; Unit: 255, Func:   3: Read Holding Registers"
"10544","0.284920","192.168.0.211","192.168.0.212","Modbus/TCP","66","   Query: Trans: 11261; Unit: 255, Func:   3: Read Holding Registers"
"10553","0.032112","192.168.0.212","192.168.0.211","Modbus/TCP","65","Response: Trans: 11261; Unit: 255, Func:   3: Read Holding Registers"
"10769","1.068419","192.168.0.211","192.168.0.212","Modbus/TCP","66","   Query: Trans: 11262; Unit: 255, Func:   3: Read Holding Registers"
"10774","0.034471","192.168.0.212","192.168.0.211","Modbus/TCP","65","Response: Trans: 11262; Unit: 255, Func:   3: Read Holding Registers"
"10830","0.265445","192.168.0.211","192.168.0.212","Modbus/TCP","66","   Query: Trans: 11263; Unit: 255, Func:   3: Read Holding Registers"
"10833","0.019567","192.168.0.212","192.168.0.211","Modbus/TCP","65","Response: Trans: 11263; Unit: 255, Func:   3: Read Holding Registers"
"10895","0.280811","192.168.0.211","192.168.0.212","Modbus/TCP","66","   Query: Trans: 11264; Unit: 255, Func:   3: Read Holding Registers"
"10896","0.004496","192.168.0.212","192.168.0.211","Modbus/TCP","65","Response: Trans: 11264; Unit: 255, Func:   3: Read Holding Registers"
"10962","0.295292","192.168.0.211","192.168.0.212","Modbus/TCP","66","   Query: Trans: 11265; Unit: 255, Func:   3: Read Holding Registers"
"10964","0.011727","192.168.0.212","192.168.0.211","Modbus/TCP","65","Response: Trans: 11265; Unit: 255, Func:   3: Read Holding Registers"
"11193","1.089375","192.168.0.211","192.168.0.212","Modbus/TCP","66","   Query: Trans: 11266; Unit: 255, Func:   3: Read Holding Registers"
"11201","0.047454","192.168.0.212","192.168.0.211","Modbus/TCP","65","Response: Trans: 11266; Unit: 255, Func:   3: Read Holding Registers"
"11261","0.252297","192.168.0.211","192.168.0.212","Modbus/TCP","66","   Query: Trans: 11267; Unit: 255, Func:   3: Read Holding Registers"
"11266","0.022671","192.168.0.212","192.168.0.211","Modbus/TCP","65","Response: Trans: 11267; Unit: 255, Func:   3: Read Holding Registers"
"11328","0.277395","192.168.0.211","192.168.0.212","Modbus/TCP","66","   Query: Trans: 11268; Unit: 255, Func:   3: Read Holding Registers"
"11333","0.019610","192.168.0.212","192.168.0.211","Modbus/TCP","65","Response: Trans: 11268; Unit: 255, Func:   3: Read Holding Registers"
"11388","0.280743","192.168.0.211","192.168.0.212","Modbus/TCP","66","   Query: Trans: 11269; Unit: 255, Func:   3: Read Holding Registers"
"11391","0.012574","192.168.0.212","192.168.0.211","Modbus/TCP","65","Response: Trans: 11269; Unit: 255, Func:   3: Read Holding Registers"
"11616","1.087769","192.168.0.211","192.168.0.212","Modbus/TCP","66","   Query: Trans: 11270; Unit: 255, Func:   3: Read Holding Registers"
"11621","0.025088","192.168.0.212","192.168.0.211","Modbus/TCP","65","Response: Trans: 11270; Unit: 255, Func:   3: Read Holding Registers"
"11683","0.275122","192.168.0.211","192.168.0.212","Modbus/TCP","66","   Query: Trans: 11271; Unit: 255, Func:   3: Read Holding Registers"
"11692","0.025814","192.168.0.212","192.168.0.211","Modbus/TCP","65","Response: Trans: 11271; Unit: 255, Func:   3: Read Holding Registers"
"11749","0.274231","192.168.0.211","192.168.0.212","Modbus/TCP","66","   Query: Trans: 11272; Unit: 255, Func:   3: Read Holding Registers"
"11752","0.009782","192.168.0.212","192.168.0.211","Modbus/TCP","65","Response: Trans: 11272; Unit: 255, Func:   3: Read Holding Registers"
"11805","0.290251","192.168.0.211","192.168.0.212","Modbus/TCP","66","   Query: Trans: 11273; Unit: 255, Func:   3: Read Holding Registers"
"11806","0.007782","192.168.0.212","192.168.0.211","Modbus/TCP","65","Response: Trans: 11273; Unit: 255, Func:   3: Read Holding Registers"
"12063","1.103286","192.168.0.211","192.168.0.212","Modbus/TCP","66","   Query: Trans: 11274; Unit: 255, Func:   3: Read Holding Registers"
"12072","0.022868","192.168.0.212","192.168.0.211","Modbus/TCP","65","Response: Trans: 11274; Unit: 255, Func:   3: Read Holding Registers"
"12130","0.266969","192.168.0.211","192.168.0.212","Modbus/TCP","66","   Query: Trans: 11275; Unit: 255, Func:   3: Read Holding Registers"
"12132","0.009323","192.168.0.212","192.168.0.211","Modbus/TCP","65","Response: Trans: 11275; Unit: 255, Func:   3: Read Holding Registers"
"12193","0.290477","192.168.0.211","192.168.0.212","Modbus/TCP","66","   Query: Trans: 11276; Unit: 255, Func:   3: Read Holding Registers"
"12194","0.017182","192.168.0.212","192.168.0.211","Modbus/TCP","65","Response: Trans: 11276; Unit: 255, Func:   3: Read Holding Registers"
"12260","0.283015","192.168.0.211","192.168.0.212","Modbus/TCP","66","   Query: Trans: 11277; Unit: 255, Func:   3: Read Holding Registers"
"12267","0.030893","192.168.0.212","192.168.0.211","Modbus/TCP","65","Response: Trans: 11277; Unit: 255, Func:   3: Read Holding Registers"
"12501","1.069624","192.168.0.211","192.168.0.212","Modbus/TCP","66","   Query: Trans: 11278; Unit: 255, Func:   3: Read Holding Registers"
"12508","0.026548","192.168.0.212","192.168.0.211","Modbus/TCP","65","Response: Trans: 11278; Unit: 255, Func:   3: Read Holding Registers"
"12561","0.273835","192.168.0.211","192.168.0.212","Modbus/TCP","66","   Query: Trans: 11279; Unit: 255, Func:   3: Read Holding Registers"
"12564","0.011343","192.168.0.212","192.168.0.211","Modbus/TCP","65","Response: Trans: 11279; Unit: 255, Func:   3: Read Holding Registers"
"12625","0.288710","192.168.0.211","192.168.0.212","Modbus/TCP","66","   Query: Trans: 11280; Unit: 255, Func:   3: Read Holding Registers"
"12631","0.020168","192.168.0.212","192.168.0.211","Modbus/TCP","65","Response: Trans: 11280; Unit: 255, Func:   3: Read Holding Registers"
"12686","0.279771","192.168.0.211","192.168.0.212","Modbus/TCP","66","   Query: Trans: 11281; Unit: 255, Func:   3: Read Holding Registers"
"12688","0.011385","192.168.0.212","192.168.0.211","Modbus/TCP","65","Response: Trans: 11281; Unit: 255, Func:   3: Read Holding Registers"
"12924","1.089657","192.168.0.211","192.168.0.212","Modbus/TCP","66","   Query: Trans: 11282; Unit: 255, Func:   3: Read Holding Registers"
"12930","0.037807","192.168.0.212","192.168.0.211","Modbus/TCP","65","Response: Trans: 11282; Unit: 255, Func:   3: Read Holding Registers"
"12988","0.261708","192.168.0.211","192.168.0.212","Modbus/TCP","66","   Query: Trans: 11283; Unit: 255, Func:   3: Read Holding Registers"
"12989","0.010080","192.168.0.212","192.168.0.211","Modbus/TCP","65","Response: Trans: 11283; Unit: 255, Func:   3: Read Holding Registers"
"13040","0.290429","192.168.0.211","192.168.0.212","Modbus/TCP","66","   Query: Trans: 11284; Unit: 255, Func:   3: Read Holding Registers"
"13041","0.010564","192.168.0.212","192.168.0.211","Modbus/TCP","65","Response: Trans: 11284; Unit: 255, Func:   3: Read Holding Registers"
"13102","0.289277","192.168.0.211","192.168.0.212","Modbus/TCP","66","   Query: Trans: 11285; Unit: 255, Func:   3: Read Holding Registers"
"13107","0.018437","192.168.0.212","192.168.0.211","Modbus/TCP","65","Response: Trans: 11285; Unit: 255, Func:   3: Read Holding Registers"
"13333","1.082046","192.168.0.211","192.168.0.212","Modbus/TCP","66","   Query: Trans: 11286; Unit: 255, Func:   3: Read Holding Registers"
"13334","0.007170","192.168.0.212","192.168.0.211","Modbus/TCP","65","Response: Trans: 11286; Unit: 255, Func:   3: Read Holding Registers"
"13396","0.293205","192.168.0.211","192.168.0.212","Modbus/TCP","66","   Query: Trans: 11287; Unit: 255, Func:   3: Read Holding Registers"
"13403","0.032952","192.168.0.212","192.168.0.211","Modbus/TCP","65","Response: Trans: 11287; Unit: 255, Func:   3: Read Holding Registers"
"13464","0.267264","192.168.0.211","192.168.0.212","Modbus/TCP","66","   Query: Trans: 11288; Unit: 255, Func:   3: Read Holding Registers"
"13471","0.028515","192.168.0.212","192.168.0.211","Modbus/TCP","65","Response: Trans: 11288; Unit: 255, Func:   3: Read Holding Registers"
"13525","0.271568","192.168.0.211","192.168.0.212","Modbus/TCP","66","   Query: Trans: 11289; Unit: 255, Func:   3: Read Holding Registers"
"13532","0.021425","192.168.0.212","192.168.0.211","Modbus/TCP","65","Response: Trans: 11289; Unit: 255, Func:   3: Read Holding Registers"
"13760","1.079377","192.168.0.211","192.168.0.212","Modbus/TCP","66","   Query: Trans: 11290; Unit: 255, Func:   3: Read Holding Registers"
"13763","0.011657","192.168.0.212","192.168.0.211","Modbus/TCP","65","Response: Trans: 11290; Unit: 255, Func:   3: Read Holding Registers"
"13826","0.288426","192.168.0.211","192.168.0.212","Modbus/TCP","66","   Query: Trans: 11291; Unit: 255, Func:   3: Read Holding Registers"
"13827","0.007912","192.168.0.212","192.168.0.211","Modbus/TCP","65","Response: Trans: 11291; Unit: 255, Func:   3: Read Holding Registers"
"13893","0.292146","192.168.0.211","192.168.0.212","Modbus/TCP","66","   Query: Trans: 11292; Unit: 255, Func:   3: Read Holding Registers"
"13899","0.026959","192.168.0.212","192.168.0.211","Modbus/TCP","65","Response: Trans: 11292; Unit: 255, Func:   3: Read Holding Registers"
"13969","0.273187","192.168.0.211","192.168.0.212","Modbus/TCP","66","   Query: Trans: 11293; Unit: 255, Func:   3: Read Holding Registers"
"13973","0.019767","192.168.0.212","192.168.0.211","Modbus/TCP","65","Response: Trans: 11293; Unit: 255, Func:   3: Read Holding Registers"
"14211","1.080321","192.168.0.211","192.168.0.212","Modbus/TCP","66","   Query: Trans: 11294; Unit: 255, Func:   3: Read Holding Registers"
"14212","0.004347","192.168.0.212","192.168.0.211","Modbus/TCP","65","Response: Trans: 11294; Unit: 255, Func:   3: Read Holding Registers"
"14263","0.295737","192.168.0.211","192.168.0.212","Modbus/TCP","66","   Query: Trans: 11295; Unit: 255, Func:   3: Read Holding Registers"
"14266","0.018664","192.168.0.212","192.168.0.211","Modbus/TCP","65","Response: Trans: 11295; Unit: 255, Func:   3: Read Holding Registers"
"14326","0.281577","192.168.0.211","192.168.0.212","Modbus/TCP","66","   Query: Trans: 11296; Unit: 255, Func:   3: Read Holding Registers"
"14329","0.019148","192.168.0.212","192.168.0.211","Modbus/TCP","65","Response: Trans: 11296; Unit: 255, Func:   3: Read Holding Registers"
"14398","0.281013","192.168.0.211","192.168.0.212","Modbus/TCP","66","   Query: Trans: 11297; Unit: 255, Func:   3: Read Holding Registers"
"14401","0.031151","192.168.0.212","192.168.0.211","Modbus/TCP","65","Response: Trans: 11297; Unit: 255, Func:   3: Read Holding Registers"
"14615","1.069747","192.168.0.211","192.168.0.212","Modbus/TCP","66","   Query: Trans: 11298; Unit: 255, Func:   3: Read Holding Registers"
"14618","0.026257","192.168.0.212","192.168.0.211","Modbus/TCP","65","Response: Trans: 11298; Unit: 255, Func:   3: Read Holding Registers"
"14679","0.273528","192.168.0.211","192.168.0.212","Modbus/TCP","66","   Query: Trans: 11299; Unit: 255, Func:   3: Read Holding Registers"
"14684","0.022415","192.168.0.212","192.168.0.211","Modbus/TCP","65","Response: Trans: 11299; Unit: 255, Func:   3: Read Holding Registers"
"14746","0.277880","192.168.0.211","192.168.0.212","Modbus/TCP","66","   Query: Trans: 11300; Unit: 255, Func:   3: Read Holding Registers"
"14753","0.023408","192.168.0.212","192.168.0.211","Modbus/TCP","65","Response: Trans: 11300; Unit: 255, Func:   3: Read Holding Registers"
"14812","0.276782","192.168.0.211","192.168.0.212","Modbus/TCP","66","   Query: Trans: 11301; Unit: 255, Func:   3: Read Holding Registers"
"14815","0.017246","192.168.0.212","192.168.0.211","Modbus/TCP","65","Response: Trans: 11301; Unit: 255, Func:   3: Read Holding Registers"
"15028","1.083190","192.168.0.211","192.168.0.212","Modbus/TCP","66","   Query: Trans: 11302; Unit: 255, Func:   3: Read Holding Registers"
"15035","0.031560","192.168.0.212","192.168.0.211","Modbus/TCP","65","Response: Trans: 11302; Unit: 255, Func:   3: Read Holding Registers"
"15095","0.268266","192.168.0.211","192.168.0.212","Modbus/TCP","66","   Query: Trans: 11303; Unit: 255, Func:   3: Read Holding Registers"
"15100","0.029808","192.168.0.212","192.168.0.211","Modbus/TCP","65","Response: Trans: 11303; Unit: 255, Func:   3: Read Holding Registers"
"15164","0.270622","192.168.0.211","192.168.0.212","Modbus/TCP","66","   Query: Trans: 11304; Unit: 255, Func:   3: Read Holding Registers"
"15168","0.015727","192.168.0.212","192.168.0.211","Modbus/TCP","65","Response: Trans: 11304; Unit: 255, Func:   3: Read Holding Registers"
"15228","0.284480","192.168.0.211","192.168.0.212","Modbus/TCP","66","   Query: Trans: 11305; Unit: 255, Func:   3: Read Holding Registers"
"15229","0.011412","192.168.0.212","192.168.0.211","Modbus/TCP","65","Response: Trans: 11305; Unit: 255, Func:   3: Read Holding Registers"
"15459","1.091370","192.168.0.211","192.168.0.212","Modbus/TCP","66","   Query: Trans: 11306; Unit: 255, Func:   3: Read Holding Registers"
"15460","0.009457","192.168.0.212","192.168.0.211","Modbus/TCP","65","Response: Trans: 11306; Unit: 255, Func:   3: Read Holding Registers"
"15524","0.287994","192.168.0.211","192.168.0.212","Modbus/TCP","66","   Query: Trans: 11307; Unit: 255, Func:   3: Read Holding Registers"
"15527","0.020959","192.168.0.212","192.168.0.211","Modbus/TCP","65","Response: Trans: 11307; Unit: 255, Func:   3: Read Holding Registers"
"15586","0.279406","192.168.0.211","192.168.0.212","Modbus/TCP","66","   Query: Trans: 11308; Unit: 255, Func:   3: Read Holding Registers"
"15591","0.027035","192.168.0.212","192.168.0.211","Modbus/TCP","65","Response: Trans: 11308; Unit: 255, Func:   3: Read Holding Registers"
"15653","0.273300","192.168.0.211","192.168.0.212","Modbus/TCP","66","   Query: Trans: 11309; Unit: 255, Func:   3: Read Holding Registers"
"15660","0.038635","192.168.0.212","192.168.0.211","Modbus/TCP","65","Response: Trans: 11309; Unit: 255, Func:   3: Read Holding Registers"
"15870","0.961801","192.168.0.211","192.168.0.212","Modbus/TCP","66","   Query: Trans: 11310; Unit: 255, Func:   3: Read Holding Registers"
"15875","0.021303","192.168.0.212","192.168.0.211","Modbus/TCP","65","Response: Trans: 11310; Unit: 255, Func:   3: Read Holding Registers"
"15946","0.279002","192.168.0.211","192.168.0.212","Modbus/TCP","66","   Query: Trans: 11311; Unit: 255, Func:   3: Read Holding Registers"
"15951","0.023008","192.168.0.212","192.168.0.211","Modbus/TCP","65","Response: Trans: 11311; Unit: 255, Func:   3: Read Holding Registers"
"16012","0.276872","192.168.0.211","192.168.0.212","Modbus/TCP","66","   Query: Trans: 11312; Unit: 255, Func:   3: Read Holding Registers"
"16016","0.030449","192.168.0.212","192.168.0.211","Modbus/TCP","65","Response: Trans: 11312; Unit: 255, Func:   3: Read Holding Registers"
"16076","0.269449","192.168.0.211","192.168.0.212","Modbus/TCP","66","   Query: Trans: 11313; Unit: 255, Func:   3: Read Holding Registers"
"16081","0.029908","192.168.0.212","192.168.0.211","Modbus/TCP","65","Response: Trans: 11313; Unit: 255, Func:   3: Read Holding Registers"
"16306","1.070535","192.168.0.211","192.168.0.212","Modbus/TCP","66","   Query: Trans: 11314; Unit: 255, Func:   3: Read Holding Registers"
"16315","0.048001","192.168.0.212","192.168.0.211","Modbus/TCP","65","Response: Trans: 11314; Unit: 255, Func:   3: Read Holding Registers"
"16368","0.252460","192.168.0.211","192.168.0.212","Modbus/TCP","66","   Query: Trans: 11315; Unit: 255, Func:   3: Read Holding Registers"
"16371","0.017235","192.168.0.212","192.168.0.211","Modbus/TCP","65","Response: Trans: 11315; Unit: 255, Func:   3: Read Holding Registers"
"16431","0.282730","192.168.0.211","192.168.0.212","Modbus/TCP","66","   Query: Trans: 11316; Unit: 255, Func:   3: Read Holding Registers"
"16436","0.020494","192.168.0.212","192.168.0.211","Modbus/TCP","65","Response: Trans: 11316; Unit: 255, Func:   3: Read Holding Registers"
"16493","0.279549","192.168.0.211","192.168.0.212","Modbus/TCP","66","   Query: Trans: 11317; Unit: 255, Func:   3: Read Holding Registers"
"16497","0.014190","192.168.0.212","192.168.0.211","Modbus/TCP","65","Response: Trans: 11317; Unit: 255, Func:   3: Read Holding Registers"
"16731","1.086581","192.168.0.211","192.168.0.212","Modbus/TCP","66","   Query: Trans: 11318; Unit: 255, Func:   3: Read Holding Registers"
"16740","0.034789","192.168.0.212","192.168.0.211","Modbus/TCP","65","Response: Trans: 11318; Unit: 255, Func:   3: Read Holding Registers"
"16800","0.265064","192.168.0.211","192.168.0.212","Modbus/TCP","66","   Query: Trans: 11319; Unit: 255, Func:   3: Read Holding Registers"
"16804","0.022933","192.168.0.212","192.168.0.211","Modbus/TCP","65","Response: Trans: 11319; Unit: 255, Func:   3: Read Holding Registers"
"16862","0.277572","192.168.0.211","192.168.0.212","Modbus/TCP","66","   Query: Trans: 11320; Unit: 255, Func:   3: Read Holding Registers"
"16867","0.025451","192.168.0.212","192.168.0.211","Modbus/TCP","65","Response: Trans: 11320; Unit: 255, Func:   3: Read Holding Registers"
"16924","0.274608","192.168.0.211","192.168.0.212","Modbus/TCP","66","   Query: Trans: 11321; Unit: 255, Func:   3: Read Holding Registers"
"16927","0.016121","192.168.0.212","192.168.0.211","Modbus/TCP","65","Response: Trans: 11321; Unit: 255, Func:   3: Read Holding Registers"
"17155","1.084191","192.168.0.211","192.168.0.212","Modbus/TCP","66","   Query: Trans: 11322; Unit: 255, Func:   3: Read Holding Registers"
"17158","0.020785","192.168.0.212","192.168.0.211","Modbus/TCP","65","Response: Trans: 11322; Unit: 255, Func:   3: Read Holding Registers"
"17218","0.279381","192.168.0.211","192.168.0.212","Modbus/TCP","66","   Query: Trans: 11323; Unit: 255, Func:   3: Read Holding Registers"
"17221","0.013146","192.168.0.212","192.168.0.211","Modbus/TCP","65","Response: Trans: 11323; Unit: 255, Func:   3: Read Holding Registers"
"17274","0.287177","192.168.0.211","192.168.0.212","Modbus/TCP","66","   Query: Trans: 11324; Unit: 255, Func:   3: Read Holding Registers"
"17279","0.022594","192.168.0.212","192.168.0.211","Modbus/TCP","65","Response: Trans: 11324; Unit: 255, Func:   3: Read Holding Registers"
"17332","0.277194","192.168.0.211","192.168.0.212","Modbus/TCP","66","   Query: Trans: 11325; Unit: 255, Func:   3: Read Holding Registers"
"17335","0.015558","192.168.0.212","192.168.0.211","Modbus/TCP","65","Response: Trans: 11325; Unit: 255, Func:   3: Read Holding Registers"
"17572","1.085388","192.168.0.211","192.168.0.212","Modbus/TCP","66","   Query: Trans: 11326; Unit: 255, Func:   3: Read Holding Registers"
"17573","0.006774","192.168.0.212","192.168.0.211","Modbus/TCP","65","Response: Trans: 11326; Unit: 255, Func:   3: Read Holding Registers"
"17632","0.292907","192.168.0.211","192.168.0.212","Modbus/TCP","66","   Query: Trans: 11327; Unit: 255, Func:   3: Read Holding Registers"
"17638","0.016076","192.168.0.212","192.168.0.211","Modbus/TCP","65","Response: Trans: 11327; Unit: 255, Func:   3: Read Holding Registers"
"17697","0.284174","192.168.0.211","192.168.0.212","Modbus/TCP","66","   Query: Trans: 11328; Unit: 255, Func:   3: Read Holding Registers"
"17700","0.014871","192.168.0.212","192.168.0.211","Modbus/TCP","65","Response: Trans: 11328; Unit: 255, Func:   3: Read Holding Registers"
"17772","0.285227","192.168.0.211","192.168.0.212","Modbus/TCP","66","   Query: Trans: 11329; Unit: 255, Func:   3: Read Holding Registers"
"17780","0.041928","192.168.0.212","192.168.0.211","Modbus/TCP","65","Response: Trans: 11329; Unit: 255, Func:   3: Read Holding Registers"
"18024","1.058768","192.168.0.211","192.168.0.212","Modbus/TCP","66","   Query: Trans: 11330; Unit: 255, Func:   3: Read Holding Registers"
"18028","0.016173","192.168.0.212","192.168.0.211","Modbus/TCP","65","Response: Trans: 11330; Unit: 255, Func:   3: Read Holding Registers"
